"0",""
"0","# clear all"
"0","rm(list = ls(all = TRUE))"
"0",""
"0",""
"0","# Interaction"
"0","library(rvest)"
"0","library(rstudioapi)"
"0","library(drat)"
"0","library(git2r)"
"0",""
"0","# Aggregation"
"0","library(readr)"
"0","library(tidyr)"
"0","library(dplyr)"
"0","library(DT)"
"0",""
"0","# Visualizations"
"0","library(ggplot2)"
"0","library(leaflet)"
"0","library(ggthemes)"
"0","library(gganimate)"
"0","library(maps)"
"0","library(png)"
"0","library(gifski)"
"0","library(mapproj)"
"0",""
